<?xml version="1.0" encoding="UTF-8"?>
<GenRun Id="synth_1" LaunchPart="xc7a100tcsg324-1" LaunchTime="1670507933">
  <File Type="PA-TCL" Name="game_top.tcl"/>
  <File Type="RDS-PROPCONSTRS" Name="game_top_drc_synth.rpt"/>
  <File Type="REPORTS-TCL" Name="game_top_reports.tcl"/>
  <File Type="RDS-RDS" Name="game_top.vds"/>
  <File Type="RDS-UTIL" Name="game_top_utilization_synth.rpt"/>
  <File Type="RDS-UTIL-PB" Name="game_top_utilization_synth.pb"/>
  <File Type="RDS-DCP" Name="game_top.dcp"/>
  <File Type="VDS-TIMINGSUMMARY" Name="game_top_timing_summary_synth.rpt"/>
  <File Type="VDS-TIMING-PB" Name="game_top_timing_summary_synth.pb"/>
  <FileSet Name="sources" Type="DesignSrcs" RelSrcDir="$PSRCDIR/sources_1">
    <Filter Type="Srcs"/>
    <File Path="$PSRCDIR/sources_1/new/apple.v">
      <FileInfo>
        <Attr Name="ImportPath" Val="$PPRDIR/../game_files1/game_files1.srcs/sources_1/new/apple.v"/>
        <Attr Name="ImportTime" Val="1670439268"/>
        <Attr Name="UsedIn" Val="synthesis"/>
        <Attr Name="UsedIn" Val="implementation"/>
        <Attr Name="UsedIn" Val="simulation"/>
      </FileInfo>
    </File>
    <File Path="$PSRCDIR/sources_1/new/collisioncon.v">
      <FileInfo>
        <Attr Name="ImportPath" Val="$PPRDIR/../game_files1/game_files1.srcs/sources_1/new/collisioncon.v"/>
        <Attr Name="ImportTime" Val="1670413464"/>
        <Attr Name="UsedIn" Val="synthesis"/>
        <Attr Name="UsedIn" Val="implementation"/>
        <Attr Name="UsedIn" Val="simulation"/>
      </FileInfo>
    </File>
    <File Path="$PSRCDIR/sources_1/new/drawcon.v">
      <FileInfo>
        <Attr Name="ImportPath" Val="$PPRDIR/../lab5_3/lab5_3.srcs/sources_1/new/drawcon.v"/>
        <Attr Name="ImportTime" Val="1669651006"/>
        <Attr Name="UsedIn" Val="synthesis"/>
        <Attr Name="UsedIn" Val="implementation"/>
        <Attr Name="UsedIn" Val="simulation"/>
      </FileInfo>
    </File>
    <File Path="$PSRCDIR/sources_1/new/seginterface.v">
      <FileInfo>
        <Attr Name="ImportPath" Val="$PPRDIR/../game_files1/game_files1.srcs/sources_1/new/seginterface.v"/>
        <Attr Name="ImportTime" Val="1670443122"/>
        <Attr Name="UsedIn" Val="synthesis"/>
        <Attr Name="UsedIn" Val="implementation"/>
        <Attr Name="UsedIn" Val="simulation"/>
      </FileInfo>
    </File>
    <File Path="$PSRCDIR/sources_1/new/sevenseg.v">
      <FileInfo>
        <Attr Name="ImportPath" Val="$PPRDIR/../almost_finished/almost_finished.srcs/sources_1/new/sevenseg.v"/>
        <Attr Name="ImportTime" Val="1670506516"/>
        <Attr Name="UsedIn" Val="synthesis"/>
        <Attr Name="UsedIn" Val="implementation"/>
        <Attr Name="UsedIn" Val="simulation"/>
      </FileInfo>
    </File>
    <File Path="$PSRCDIR/sources_1/new/vga.v">
      <FileInfo>
        <Attr Name="ImportPath" Val="$PPRDIR/../lab5_3/lab5_3.srcs/sources_1/new/vga.v"/>
        <Attr Name="ImportTime" Val="1669643122"/>
        <Attr Name="UsedIn" Val="synthesis"/>
        <Attr Name="UsedIn" Val="implementation"/>
        <Attr Name="UsedIn" Val="simulation"/>
      </FileInfo>
    </File>
    <File Path="$PSRCDIR/sources_1/new/game_top.v">
      <FileInfo>
        <Attr Name="ImportPath" Val="$PPRDIR/../lab5_3/lab5_3.srcs/sources_1/new/game_top.v"/>
        <Attr Name="ImportTime" Val="1669651816"/>
        <Attr Name="UsedIn" Val="synthesis"/>
        <Attr Name="UsedIn" Val="implementation"/>
        <Attr Name="UsedIn" Val="simulation"/>
      </FileInfo>
    </File>
    <File Path="$PPRDIR/../Sprite Files/head.coe">
      <FileInfo>
        <Attr Name="UsedIn" Val="synthesis"/>
        <Attr Name="UsedIn" Val="simulation"/>
      </FileInfo>
    </File>
    <File Path="$PPRDIR/../Sprite Files/bodyv.coe">
      <FileInfo>
        <Attr Name="UsedIn" Val="synthesis"/>
        <Attr Name="UsedIn" Val="simulation"/>
      </FileInfo>
    </File>
    <File Path="$PPRDIR/../Sprite Files/bodyh.coe">
      <FileInfo>
        <Attr Name="UsedIn" Val="synthesis"/>
        <Attr Name="UsedIn" Val="simulation"/>
      </FileInfo>
    </File>
    <File Path="$PPRDIR/../Sprite Files/infobar.coe">
      <FileInfo>
        <Attr Name="UsedIn" Val="synthesis"/>
        <Attr Name="UsedIn" Val="simulation"/>
      </FileInfo>
    </File>
    <Config>
      <Option Name="DesignMode" Val="RTL"/>
      <Option Name="TopModule" Val="game_top"/>
      <Option Name="TopAutoSet" Val="TRUE"/>
    </Config>
  </FileSet>
  <FileSet Name="constrs_in" Type="Constrs" RelSrcDir="$PSRCDIR/constrs_1">
    <Filter Type="Constrs"/>
    <File Path="$PSRCDIR/constrs_1/new/nexys4.xdc">
      <FileInfo>
        <Attr Name="ImportPath" Val="$PPRDIR/../lab5_3/lab5_3.srcs/constrs_1/new/nexys4.xdc"/>
        <Attr Name="ImportTime" Val="1669643164"/>
        <Attr Name="UsedIn" Val="synthesis"/>
        <Attr Name="UsedIn" Val="implementation"/>
      </FileInfo>
    </File>
    <Config>
      <Option Name="ConstrsType" Val="XDC"/>
    </Config>
  </FileSet>
  <FileSet Name="utils" Type="Utils" RelSrcDir="$PSRCDIR/utils_1">
    <Filter Type="Utils"/>
    <Config>
      <Option Name="TopAutoSet" Val="TRUE"/>
    </Config>
  </FileSet>
  <Strategy Version="1" Minor="2">
    <StratHandle Name="Vivado Synthesis Defaults" Flow="Vivado Synthesis 2019"/>
    <Step Id="synth_design"/>
  </Strategy>
  <BlockFileSet Type="BlockSrcs" Name="clk_wiz_0"/>
  <BlockFileSet Type="BlockSrcs" Name="blk_mem_gen_0"/>
</GenRun>
